arm,model,accuracy,balanced_accuracy,macro_precision,macro_recall,macro_f1,weighted_f1
1_anthropometric_only,SVM_RBF_Balanced,0.7352,0.736,0.5981,0.736,0.6128,0.7755
1_anthropometric_only [RF reference],RandomForest_Balanced,0.8224,0.5872,0.617,0.5872,0.5949,0.8199
2_cv_only,SVM_RBF_Balanced,0.4143,0.3261,0.2923,0.3261,0.2746,0.4594
2_cv_only [RF reference],RandomForest_Balanced,0.6075,0.2892,0.2862,0.2892,0.2867,0.5902
3_segmentation_only,SVM_RBF_Balanced,0.3583,0.3108,0.3025,0.3108,0.2558,0.4291
3_segmentation_only [RF reference],RandomForest_Balanced,0.5888,0.2835,0.2766,0.2835,0.2799,0.5859
4_image_only_features,SVM_RBF_Balanced,0.5358,0.4085,0.3935,0.4085,0.37,0.5719
4_image_only_features [RF reference],RandomForest_Balanced,0.6511,0.2736,0.2805,0.2736,0.2671,0.5971
5_anthro_plus_cv,SVM_RBF_Balanced,0.6916,0.5573,0.4889,0.5573,0.5005,0.7198
5_anthro_plus_cv [RF reference],RandomForest_Balanced,0.7695,0.4897,0.536,0.4897,0.4974,0.7595
6_anthro_plus_cv_plus_seg,SVM_RBF_Balanced,0.704,0.5858,0.5114,0.5858,0.5303,0.7292
6_anthro_plus_cv_plus_seg [RF reference],RandomForest_Balanced,0.7695,0.4852,0.5772,0.4852,0.5051,0.7566
7_full_image_plus_cv_plus_seg_plus_anthro,SVM_RBF_Balanced,0.6791,0.4671,0.6463,0.4671,0.4623,0.6899
7_full_image_plus_cv_plus_seg_plus_anthro [RF reference],RandomForest_Balanced,0.7227,0.3729,0.4114,0.3729,0.372,0.6891
