View,Total_Images,Face_Available,Face_Avail_Pct,Shoulder_Available,Shoulder_Avail_Pct,Left_Arm_Avail,Left_Arm_Avail_Pct,Right_Arm_Avail,Right_Arm_Avail_Pct
selfie,2159,0,0.0,2159,100.0,407,18.9,905,41.9
frontal1,2158,2157,100.0,2158,100.0,2155,99.9,2149,99.6
lateralright,2148,0,0.0,2147,100.0,2147,100.0,22,1.0
lateralleft,2145,0,0.0,2140,99.8,34,1.6,2139,99.7
frontal2,2142,2141,100.0,2142,100.0,2138,99.8,2136,99.7
frontal3,2129,2129,100.0,2129,100.0,2124,99.8,2125,99.8
back,2127,0,0.0,0,0.0,0,0.0,0,0.0
frontal4,2067,2067,100.0,2067,100.0,2066,100.0,2064,99.9
handswide,249,0,0.0,249,100.0,249,100.0,249,100.0
